row,size,n,decoration,multiplicity,ECI_meV
1,1,1,(0),1,79.315
2,1,1,(1),1,-64.205
3,1,1,(2),1,-107.069
4,1,1,(3),1,-0.117
5,1,1,(4),1,-86.134
6,2,1,"(1,1)",4,16.651
7,2,1,"(2,1)",8,-14.995
8,2,1,"(3,1)",8,15.749
9,2,1,"(4,1)",8,3.121
10,2,1,"(2,2)",4,-2.931
11,2,1,"(3,2)",8,-10.136
12,2,1,"(4,2)",8,-8.931
13,2,1,"(3,3)",4,16.704
14,2,1,"(4,3)",8,-0.589
15,2,1,"(4,4)",4,-6.072
16,2,2,"(1,1)",3,-3.436
17,2,2,"(2,1)",6,2.848
18,2,2,"(3,1)",6,-9.737
19,2,2,"(4,1)",6,-6.019
20,2,2,"(2,2)",3,-36.25
21,2,2,"(3,2)",6,29.357
22,2,2,"(4,2)",6,5.106
23,2,2,"(3,3)",3,-19.062
24,2,2,"(4,3)",6,-12.367
25,2,2,"(4,4)",3,9.182
26,2,3,"(1,1)",6,1.403
27,2,3,"(2,1)",12,-0.74
28,2,3,"(3,1)",12,-0.996
29,2,3,"(4,1)",12,-0.89
30,2,3,"(2,2)",6,-2.616
31,2,3,"(3,2)",12,2.697
32,2,3,"(4,2)",12,1.019
33,2,3,"(3,3)",6,-3.27
34,2,3,"(4,3)",12,-3.046
35,2,3,"(4,4)",6,1.282
36,2,4,"(1,1)",12,-1.728
37,2,4,"(2,1)",24,1.805
38,2,4,"(3,1)",24,-3.288
39,2,4,"(4,1)",24,-1.496
40,2,4,"(2,2)",12,-6.877
41,2,4,"(3,2)",24,5.628
42,2,4,"(4,2)",24,-0.519
43,2,4,"(3,3)",12,-6.1
44,2,4,"(4,3)",24,-1.063
45,2,4,"(4,4)",12,-1.766
46,2,5,"(1,1)",4,1.285
47,2,5,"(2,1)",8,-0.014
48,2,5,"(3,1)",8,-1.132
49,2,5,"(4,1)",8,-0.769
50,2,5,"(2,2)",4,11.574
51,2,5,"(3,2)",8,-9.027
52,2,5,"(4,2)",8,1.037
53,2,5,"(3,3)",4,7.832
54,2,5,"(4,3)",8,-0.734
55,2,5,"(4,4)",4,-2.088
56,2,6,"(1,1)",3,-0.961
57,2,6,"(2,1)",6,-1.019
58,2,6,"(3,1)",6,-1.498
59,2,6,"(4,1)",6,-2.215
60,2,6,"(2,2)",3,-0.682
61,2,6,"(3,2)",6,1.287
62,2,6,"(4,2)",6,0.796
63,2,6,"(3,3)",3,-3.629
64,2,6,"(4,3)",6,-2.781
65,2,6,"(4,4)",3,1.469
66,3,1,"(1,1,1)",12,-2.658
67,3,1,"(2,1,1)",24,-1.333
68,3,1,"(3,1,1)",24,2.033
69,3,1,"(4,1,1)",24,-1.572
70,3,1,"(1,2,1)",12,3.158
71,3,1,"(2,2,1)",24,0.638
72,3,1,"(3,2,1)",24,0.799
73,3,1,"(4,2,1)",24,0.368
74,3,1,"(1,3,1)",12,-3.97
75,3,1,"(2,3,1)",24,-3.667
76,3,1,"(3,3,1)",24,1.929
77,3,1,"(4,3,1)",24,-1.448
78,3,1,"(1,4,1)",12,0.833
79,3,1,"(2,4,1)",24,-0.107
80,3,1,"(3,4,1)",24,1.384
81,3,1,"(4,4,1)",24,0.729
82,3,1,"(2,1,2)",12,-1.704
83,3,1,"(3,1,2)",24,0.413
84,3,1,"(4,1,2)",24,-1.921
85,3,1,"(2,2,2)",12,3.512
86,3,1,"(3,2,2)",24,3.055
87,3,1,"(4,2,2)",24,1.758
88,3,1,"(2,3,2)",12,-6.912
89,3,1,"(3,3,2)",24,1.174
90,3,1,"(4,3,2)",24,0.4
91,3,1,"(2,4,2)",12,4.126
92,3,1,"(3,4,2)",24,2.67
93,3,1,"(4,4,2)",24,3.791
94,3,1,"(3,1,3)",12,1.117
95,3,1,"(4,1,3)",24,1.205
96,3,1,"(3,2,3)",12,-8.218
97,3,1,"(4,2,3)",24,2.268
98,3,1,"(3,3,3)",12,-0.209
99,3,1,"(4,3,3)",24,-1.026
100,3,1,"(3,4,3)",12,-5.594
101,3,1,"(4,4,3)",24,0.109
102,3,1,"(4,1,4)",12,-2.345
103,3,1,"(4,2,4)",12,-0.635
104,3,1,"(4,3,4)",12,2.711
105,3,1,"(4,4,4)",12,2.825
106,3,2,"(1,1,1)",12,-0.698
107,3,2,"(2,1,1)",24,0.801
108,3,2,"(3,1,1)",24,-0.201
109,3,2,"(4,1,1)",24,0.338
110,3,2,"(1,2,1)",12,0.673
111,3,2,"(2,2,1)",24,1.482
112,3,2,"(3,2,1)",24,-2.036
113,3,2,"(4,2,1)",24,-0.645
114,3,2,"(1,3,1)",12,-0.54
115,3,2,"(2,3,1)",24,-1.089
116,3,2,"(3,3,1)",24,1.884
117,3,2,"(4,3,1)",24,-0.135
118,3,2,"(1,4,1)",12,-0.361
119,3,2,"(2,4,1)",24,-0.409
120,3,2,"(3,4,1)",24,-0.139
121,3,2,"(4,4,1)",24,-0.782
122,3,2,"(2,1,2)",12,1.336
123,3,2,"(3,1,2)",24,-2.399
124,3,2,"(4,1,2)",24,-1.178
125,3,2,"(2,2,2)",12,-0.651
126,3,2,"(3,2,2)",24,2.031
127,3,2,"(4,2,2)",24,1.439
128,3,2,"(2,3,2)",12,0.501
129,3,2,"(3,3,2)",24,-0.761
130,3,2,"(4,3,2)",24,-0.724
131,3,2,"(2,4,2)",12,0.218
132,3,2,"(3,4,2)",24,-0.05
133,3,2,"(4,4,2)",24,0.489
134,3,2,"(3,1,3)",12,1.671
135,3,2,"(4,1,3)",24,0.222
136,3,2,"(3,2,3)",12,-2.544
137,3,2,"(4,2,3)",24,-1.033
138,3,2,"(3,3,3)",12,1.529
139,3,2,"(4,3,3)",24,0.511
140,3,2,"(3,4,3)",12,0.138
141,3,2,"(4,4,3)",24,-0.384
142,3,2,"(4,1,4)",12,-0.946
143,3,2,"(4,2,4)",12,-1.146
144,3,2,"(4,3,4)",12,0.775
145,3,2,"(4,4,4)",12,-1.588
146,4,1,"(1,1,1,1)",6,1.374
147,4,1,"(2,1,1,1)",24,1.964
148,4,1,"(3,1,1,1)",24,-2.053
149,4,1,"(4,1,1,1)",24,1.387
150,4,1,"(2,2,1,1)",24,4.877
151,4,1,"(3,2,1,1)",48,-3.75
152,4,1,"(4,2,1,1)",48,3.612
153,4,1,"(3,3,1,1)",24,2.204
154,4,1,"(4,3,1,1)",48,-2.688
155,4,1,"(4,4,1,1)",24,2.426
156,4,1,"(1,2,2,2)",12,0.631
157,4,1,"(2,2,2,2)",24,0.509
158,4,1,"(3,2,2,2)",24,-0.778
159,4,1,"(4,2,2,2)",24,-0.542
160,4,1,"(1,3,2,2)",24,0.762
161,4,1,"(2,3,2,2)",48,0.489
162,4,1,"(3,3,2,2)",48,-1.7
163,4,1,"(4,3,2,2)",48,0.193
164,4,1,"(1,4,2,2)",24,1.18
165,4,1,"(2,4,2,2)",48,1.354
166,4,1,"(3,4,2,2)",48,-1.65
167,4,1,"(4,4,2,2)",48,-0.148
168,4,1,"(1,3,3,3)",12,-2.855
169,4,1,"(2,3,3,3)",24,-1.743
170,4,1,"(3,3,3,3)",24,3.335
171,4,1,"(4,3,3,3)",24,-1.126
172,4,1,"(1,4,3,3)",24,-1.121
173,4,1,"(2,4,3,3)",48,0.483
174,4,1,"(3,4,3,3)",48,0.264
175,4,1,"(4,4,3,3)",48,0.798
176,4,1,"(1,4,4,4)",12,1.153
177,4,1,"(2,4,4,4)",24,0.45
178,4,1,"(3,4,4,4)",24,-1.269
179,4,1,"(4,4,4,4)",24,-0.087
180,4,1,"(2,2,2,2)",6,8.444
181,4,1,"(3,2,2,2)",24,-3.079
182,4,1,"(4,2,2,2)",24,1.888
183,4,1,"(3,3,2,2)",24,-1.6
184,4,1,"(4,3,2,2)",48,-1.906
185,4,1,"(4,4,2,2)",24,-2.226
186,4,1,"(2,3,3,3)",12,-0.379
187,4,1,"(3,3,3,3)",24,3.868
188,4,1,"(4,3,3,3)",24,2.881
189,4,1,"(2,4,3,3)",24,-0.084
190,4,1,"(3,4,3,3)",48,-0.946
191,4,1,"(4,4,3,3)",48,0.298
192,4,1,"(2,4,4,4)",12,-1.908
193,4,1,"(3,4,4,4)",24,-0.616
194,4,1,"(4,4,4,4)",24,-3.608
195,4,1,"(3,3,3,3)",6,-7.933
196,4,1,"(4,3,3,3)",24,2.658
197,4,1,"(4,4,3,3)",24,-1.144
198,4,1,"(3,4,4,4)",12,2.385
199,4,1,"(4,4,4,4)",24,2.587
200,4,1,"(4,4,4,4)",6,-4.18
